City_ID,City,Cloudiness,Country,Date,Humidity,Latitude,Longitude,Temperature,Wind_Speed
0,rikitea,64,PF,1537942048,100,-23.12,-134.97,72.69,25.64
1,kruisfontein,8,ZA,1537942049,77,-34.0,24.73,61.89,14.23
2,port elizabeth,90,US,1537941300,93,39.31,-74.98,73.09,9.19
3,changli,100,CN,1537942049,100,30.54,105.42,64.41,11.21
4,samarai,80,PG,1537942050,100,-10.62,150.67,77.55,19.26
5,alice town,76,BS,1537942050,100,25.72,-79.3,84.21,16.69
6,ushuaia,0,AR,1537938000,69,-54.81,-68.31,33.8,10.29
7,vaini,12,IN,1537942051,73,15.34,74.49,85.65,4.16
8,cabo san lucas,5,MX,1537936800,74,22.89,-109.91,80.6,8.41
9,axim,92,GH,1537942051,100,4.87,-2.24,77.91,10.76
10,atuona,68,PF,1537942052,100,-9.8,-139.03,79.26,6.06
11,manado,20,ID,1537939800,44,1.49,124.85,93.2,11.41
12,krasnoarmeysk,0,RU,1537939800,80,56.12,38.15,39.2,13.42
13,ilulissat,56,GL,1537941000,54,69.22,-51.1,30.2,10.29
14,punta arenas,0,CL,1537938000,80,-53.16,-70.91,33.8,5.82
15,kutum,0,SD,1537942053,40,14.2,24.66,79.17,5.84
16,narsaq,20,GL,1537941000,64,60.91,-46.05,32.0,4.7
17,esperance,20,TT,1537938000,100,10.24,-61.45,75.2,3.38
18,sangar,56,RU,1537942054,64,63.92,127.47,48.12,3.04
19,san patricio,48,PY,1537942054,94,-26.98,-56.83,68.46,4.05
20,albany,90,US,1537941060,93,42.65,-73.75,63.28,8.05
21,busselton,32,AU,1537942055,100,-33.64,115.35,61.8,12.21
22,sobolevo,0,RU,1537942055,86,54.43,31.9,39.57,9.86
23,ballina,90,IE,1537941600,100,54.11,-9.15,57.2,13.87
24,severo-kurilsk,64,RU,1537942056,97,50.68,156.12,49.65,17.13
25,cabo rojo,32,PR,1537942056,100,18.09,-67.15,80.25,12.21
26,najran,0,SA,1537938000,21,17.54,44.22,82.4,4.16
27,barrow,80,AR,1537942057,80,-38.31,-60.23,51.72,3.04
28,souillac,0,FR,1537939800,76,45.6,-0.6,51.21,3.36
29,kapaa,90,US,1537940220,100,22.08,-159.32,78.98,8.05
30,mar del plata,0,AR,1537942058,100,-46.43,-67.52,28.14,3.15
31,saint-philippe,90,CA,1537940040,100,45.36,-73.48,60.53,2.24
32,faanui,80,PF,1537942059,100,-16.48,-151.75,78.45,13.44
33,longyearbyen,75,NO,1537941000,86,78.22,15.63,28.4,13.87
34,mahebourg,20,MU,1537938000,57,-20.41,57.7,77.0,14.99
35,wanning,0,AT,1537939200,80,48.64,13.53,35.6,5.82
36,yar-sale,80,RU,1537942060,93,66.83,70.83,52.17,15.23
37,hasaki,75,JP,1537940340,82,35.73,140.83,66.76,13.87
38,bowen,0,AU,1537938000,50,-20.01,148.25,78.8,16.11
39,xining,36,CN,1537942061,70,36.62,101.77,58.74,3.6
40,aron,0,IN,1537942062,72,24.38,77.42,86.91,8.63
41,jamestown,12,AU,1537941864,28,-33.21,138.6,73.68,7.18
42,bubaque,75,GW,1537938000,94,11.28,-15.83,77.0,13.87
43,henties bay,32,NA,1537942063,100,-22.12,14.28,53.25,5.61
44,provideniya,90,RU,1537939800,70,64.42,-173.23,44.6,4.47
45,avarua,90,CK,1537938000,88,-21.21,-159.78,73.4,3.36
46,port alfred,0,ZA,1537942064,90,-33.59,26.89,64.14,8.52
47,chokurdakh,88,RU,1537942064,91,70.62,147.9,35.61,7.96
48,aripuana,0,BR,1537942065,93,-9.17,-60.63,76.47,2.04
49,hobart,20,AU,1537939800,50,-42.88,147.33,57.2,11.41
50,port hardy,75,CA,1537938000,93,50.7,-127.42,51.8,4.7
51,bedford,0,GB,1537941360,87,52.14,-0.47,45.73,8.05
52,cherskiy,92,RU,1537942066,74,68.75,161.3,36.33,4.27
53,poronaysk,0,RU,1537942066,73,49.22,143.1,52.71,5.39
54,victoria,75,BN,1537939800,70,5.28,115.24,89.62,5.82
55,faya,0,SA,1537938000,25,18.39,42.45,73.4,5.82
56,mataura,92,NZ,1537942068,73,-46.19,168.86,44.16,15.79
57,soe,92,EE,1537941000,76,57.91,26.05,48.2,21.92
58,lavrentiya,0,RU,1537942068,94,65.58,-170.99,43.53,8.75
59,utashinai,75,JP,1537938000,76,43.49,142.04,59.77,6.93
60,itaueira,8,BR,1537942069,38,-7.6,-43.03,78.81,11.21
61,mehran,0,IR,1537938000,25,33.12,46.17,73.4,6.93
62,eureka,90,US,1537940100,100,40.8,-124.16,47.12,3.36
63,mana,0,RS,1537939800,100,43.52,20.24,35.69,1.12
64,arraial do cabo,56,BR,1537942071,96,-22.97,-42.02,72.15,20.38
65,gbarnga,92,LR,1537942071,97,7.0,-9.47,71.88,3.38
66,ahipara,92,NZ,1537942071,84,-35.17,173.16,55.68,15.46
67,yarada,8,IN,1537941916,100,17.65,83.27,84.3,14.0
68,hovd,75,NO,1537941000,87,63.83,10.7,47.26,32.21
69,los llanos de aridane,0,ES,1537939800,78,28.66,-17.92,73.4,9.17
70,kawalu,8,ID,1537942073,45,-7.38,108.21,84.21,3.49
71,bilibino,44,RU,1537942073,70,68.06,166.44,33.45,2.37
72,qaanaaq,80,GL,1537942073,100,77.48,-69.36,18.15,12.44
73,berezovyy,0,RU,1537942074,41,51.67,135.7,59.28,3.6
74,general roca,0,AR,1537938000,50,-39.03,-67.58,51.8,9.17
75,batagay-alyta,88,RU,1537942074,94,67.8,130.41,31.02,5.39
76,ilebo,24,CD,1537942075,90,-4.33,20.59,75.21,2.59
77,staszow,12,PL,1537942075,90,50.56,21.17,38.22,8.41
78,fairbanks,75,US,1537939800,81,64.84,-147.72,47.82,3.36
79,sale,90,GB,1537941000,81,53.42,-2.32,56.14,8.05
80,dikson,92,RU,1537942076,95,73.51,80.55,39.84,11.21
81,touros,76,BR,1537942076,90,-5.2,-35.46,76.02,12.88
82,isangel,92,VU,1537942077,100,-19.55,169.27,70.17,18.48
83,luganville,90,VU,1537938000,94,-15.51,167.18,73.4,21.92
84,pisco,0,PE,1537942077,95,-13.71,-76.2,58.11,3.15
85,nelson bay,90,AU,1537939800,82,-32.72,152.14,57.2,6.93
86,mandera,12,ET,1537942078,57,3.94,41.86,82.77,9.98
87,necochea,92,AR,1537942078,69,-38.55,-58.74,55.05,0.92
88,huambo,20,AO,1537938000,88,-12.78,15.73,62.6,4.7
89,lorengau,32,PG,1537942079,100,-2.02,147.27,81.87,3.04
90,maryville,1,US,1537941180,100,40.35,-94.87,45.81,10.76
91,coihaique,75,CL,1537938000,84,-45.58,-72.07,35.87,1.12
92,mkushi,0,ZM,1537942080,43,-13.61,29.4,70.53,9.19
93,young,80,UY,1537942080,91,-32.7,-57.63,61.8,10.09
94,caruray,88,PH,1537942080,100,10.31,119.01,82.14,16.8
95,cidreira,92,BR,1537942081,98,-30.17,-50.22,65.67,11.21
96,thompson,75,CA,1537938000,100,55.74,-97.86,33.8,2.24
97,zirandaro,56,MX,1537942087,99,18.45,-100.98,69.27,2.59
98,takoradi,80,GH,1537942149,98,4.89,-1.75,76.65,6.62
99,butaritari,0,KI,1537942088,100,3.07,172.79,84.39,9.75
100,ust-nera,92,RU,1537942089,87,64.57,143.24,32.01,2.59
101,gornozavodsk,88,RU,1537942089,72,58.37,58.33,57.39,17.92
102,kiama,75,AU,1537938000,100,-34.67,150.86,51.8,8.05
103,lagoa,0,PT,1537939800,78,37.14,-8.45,75.2,11.41
104,omboue,80,GA,1537942090,100,-1.57,9.26,77.19,8.86
105,cape town,40,ZA,1537938000,93,-33.93,18.42,55.4,12.75
106,kodiak,1,US,1537941180,100,39.95,-94.76,46.04,10.76
107,plouzane,0,FR,1537939800,86,48.38,-4.62,45.09,6.93
108,rocha,68,UY,1537942092,90,-34.48,-54.34,58.02,9.08
109,barabai,36,ID,1537942092,55,-2.59,115.38,91.59,2.71
110,san vicente,88,SV,1537941000,100,13.64,-88.78,70.7,2.24
111,gamba,32,CN,1537942094,50,28.28,88.52,46.41,2.37
112,ahuimanu,1,US,1537938120,74,21.44,-157.84,82.63,6.73
113,georgetown,76,GY,1537942094,90,6.8,-58.16,78.45,2.59
114,vao,76,EE,1537942095,79,59.1,26.19,48.3,13.67
115,stokmarknes,75,NO,1537941000,81,68.56,14.91,45.3,21.92
116,naron,0,ES,1537941600,87,43.52,-8.15,53.6,3.36
117,santa cruz,90,US,1537940400,96,36.97,-122.03,58.21,2.48
118,hofn,0,IS,1537942097,100,64.25,-15.21,42.54,8.97
119,lebu,0,ET,1537942159,36,8.96,38.73,67.11,3.94
120,morelia,90,MX,1537936800,100,19.7,-101.19,59.0,0.36
121,sao domingos,56,BR,1537942099,37,-13.4,-46.32,74.85,10.42
122,kununurra,40,AU,1537939800,16,-15.77,128.74,96.8,9.17
123,new norfolk,20,AU,1537939800,50,-42.78,147.06,57.2,11.41
124,mantua,75,IT,1537939200,50,45.16,10.79,52.97,6.93
125,westport,90,IE,1537941600,100,53.8,-9.52,57.2,13.87
126,hami,0,CN,1537942100,48,42.84,93.51,64.41,3.04
127,alta floresta,12,BR,1537942101,96,-9.87,-56.08,73.41,2.04
128,bredasdorp,36,ZA,1537938000,76,-34.53,20.04,53.6,3.36
129,east london,0,ZA,1537939140,67,-33.02,27.91,62.6,5.82
130,te anau,92,NZ,1537942102,82,-45.41,167.72,39.57,4.61
131,fare,64,PF,1537942103,100,-16.7,-151.02,77.64,12.44
132,bluff,56,AU,1537942103,29,-23.58,149.07,83.58,4.5
133,turukhansk,80,RU,1537942104,100,65.8,87.96,39.75,6.96
134,tuktoyaktuk,40,CA,1537938000,85,69.44,-133.03,24.8,8.05
135,leningradskiy,0,RU,1537942104,95,69.38,178.42,40.11,14.23
136,conde,80,BR,1537942104,94,-11.81,-37.61,74.31,7.07
137,basco,1,US,1537940100,82,40.33,-91.2,55.56,8.05
138,avera,1,US,1537940100,94,33.19,-82.53,73.94,4.94
139,beyneu,48,KZ,1537942105,36,45.32,55.19,72.42,11.1
140,hilo,1,US,1537937580,82,19.71,-155.08,80.96,4.7
141,hithadhoo,92,MV,1537942106,100,-0.6,73.08,82.14,13.44
142,port moresby,40,PG,1537938000,62,-9.47,147.16,84.2,32.21
143,champerico,20,MX,1537942106,89,16.38,-93.6,67.2,2.15
144,mutoko,0,ZW,1537942107,54,-17.4,32.23,74.49,3.94
145,sao joao da barra,0,BR,1537942107,97,-21.64,-41.05,74.67,25.75
146,seoni,32,IN,1537942108,77,22.09,79.55,88.17,4.94
147,pandan,80,PH,1537942108,97,11.72,122.09,83.85,24.29
148,sao filipe,0,CV,1537942108,98,14.9,-24.5,77.82,8.97
149,hermanus,44,ZA,1537942109,80,-34.42,19.24,54.42,9.08
150,jumla,0,NP,1537942109,85,29.28,82.18,51.99,1.14
151,sidi ali,0,DZ,1537942109,87,36.1,0.42,64.86,5.95
152,khatanga,0,RU,1537942110,90,71.98,102.47,36.33,9.98
153,poum,40,MK,1537939800,45,41.28,20.71,44.6,9.17
154,bushehr,0,IR,1537939800,41,28.97,50.84,93.2,2.37
155,sambava,48,MG,1537942111,100,-14.27,50.17,74.94,12.88
156,mariinskiy posad,75,RU,1537939800,93,56.12,47.72,46.4,13.42
157,smolenka,56,PL,1537942111,82,54.15,22.76,44.79,16.24
158,dalian,40,CN,1537938000,63,19.86,110.11,91.4,4.47
159,berlevag,0,NO,1537941000,74,70.86,29.09,36.79,24.16
160,lompoc,40,US,1537940100,87,34.64,-120.46,56.48,4.7
161,moron,68,VE,1537942113,93,10.49,-68.2,66.39,2.15
162,pahalgam,0,IN,1537942113,88,34.03,75.33,35.25,1.14
163,saint-augustin,0,FR,1537941600,81,44.83,-0.61,48.04,4.7
164,nikolskoye,20,RU,1537939800,81,59.7,30.79,44.6,13.42
165,nagato,75,JP,1537938000,68,34.35,131.14,72.19,4.7
166,havelock,90,US,1537941360,100,34.88,-76.9,74.48,2.93
167,namibe,0,AO,1537942115,100,-15.19,12.15,64.05,3.04
168,masty,0,BY,1537939800,93,53.42,24.54,37.4,8.95
169,yerofey pavlovich,0,RU,1537942115,48,53.97,121.97,60.54,5.61
170,abnub,0,EG,1537938000,56,27.27,31.15,71.6,13.87
171,hervey bay,44,AU,1537942116,89,-25.3,152.85,70.08,7.85
172,tual,20,ID,1537942116,96,-5.67,132.75,81.87,13.78
173,puerto ayora,68,EC,1537942117,100,-0.74,-90.35,69.54,9.98
174,kroya,8,ID,1537942117,39,-6.5,108.06,94.38,3.6
175,samarkand,0,UZ,1537939800,23,39.65,66.98,77.0,4.7
176,saskylakh,88,RU,1537942118,92,71.97,114.09,34.35,14.23
177,aden,0,YE,1537942118,100,12.79,45.03,82.32,13.33
178,phan thiet,12,VN,1537942002,87,10.93,108.1,86.55,11.65
179,port arthur,20,US,1537941300,90,29.9,-93.93,78.89,3.36
180,bathsheba,75,BB,1537938000,78,13.22,-59.52,82.4,23.04
181,tasiilaq,0,GL,1537941000,100,65.61,-37.64,32.0,2.24
182,port macquarie,75,AU,1537938180,93,-31.43,152.91,57.2,5.82
183,tessalit,64,ML,1537942120,36,20.2,1.01,75.39,2.93
184,ekhabi,0,RU,1537942120,63,53.51,142.97,54.78,12.44
185,chachapoyas,12,PE,1537941573,79,-6.23,-77.87,51.72,2.15
186,pevek,80,RU,1537941573,100,69.7,170.27,39.3,5.73
187,kavaratti,32,IN,1537941574,100,10.57,72.64,82.77,9.19
188,singaparna,8,ID,1537941574,45,-7.35,108.11,84.21,3.49
189,castro,20,CL,1537941575,100,-42.48,-73.76,37.32,2.48
190,dulce nombre de culmi,92,HN,1537941575,96,15.08,-85.56,69.27,2.04
191,yellowknife,40,CA,1537938000,93,62.45,-114.38,35.6,10.29
192,praia,0,BR,1537938000,56,-20.25,-43.81,68.0,3.36
193,richards bay,24,ZA,1537941576,73,-28.77,32.06,75.39,5.73
194,harper,40,US,1537938900,79,30.3,-99.24,75.02,5.82
195,sarai,40,IN,1537939800,59,25.78,85.28,91.4,8.05
196,ancud,8,CL,1537941577,82,-41.87,-73.83,33.9,2.48
197,kloulklubed,75,PW,1537941000,70,7.04,134.26,87.8,14.99
198,akureyri,40,IS,1537938000,93,65.68,-18.09,37.4,2.24
199,ornskoldsvik,0,SE,1537939200,81,63.29,18.72,46.6,8.05
200,hamilton,75,BM,1537937700,69,32.3,-64.78,78.8,17.22
201,omsukchan,12,RU,1537941579,51,62.53,155.8,35.34,3.6
202,khani,90,GE,1537938000,93,41.96,42.96,60.8,13.87
203,nassau,0,DE,1537939200,75,51.17,13.51,35.6,5.82
204,miraflores,68,CO,1537941580,100,5.2,-73.14,44.61,1.7
205,castanas,12,PH,1537941581,95,13.88,121.55,84.66,20.27
206,kaitangata,92,NZ,1537941427,71,-46.28,169.85,44.52,21.16
207,katangli,0,RU,1537941581,75,51.71,143.23,54.42,8.63
208,ribeira grande,68,PT,1537941581,100,38.52,-28.7,69.99,10.2
209,sur,0,OM,1537941582,79,22.57,59.53,88.8,2.37
210,rovaniemi,75,FI,1537939200,93,66.5,25.72,35.6,8.05
211,meulaboh,0,ID,1537941582,97,4.14,96.13,84.39,6.4
212,vostok,0,RU,1537941582,59,46.45,135.83,54.42,2.93
213,port blair,36,IN,1537941583,100,11.67,92.75,81.33,7.63
214,japura,32,ID,1537941583,76,-0.42,102.29,82.86,3.27
215,balabac,64,PH,1537941583,96,7.99,117.06,84.93,20.38
216,orocue,0,CO,1537941584,78,4.79,-71.34,77.82,7.74
217,maunabo,75,PR,1537937760,90,18.01,-65.9,81.03,11.41
218,alexandria,40,US,1537940760,100,31.31,-92.44,73.83,4.7
219,donskoye,75,RU,1537938000,93,45.45,41.98,48.2,4.47
220,cuiaba,0,BR,1537938000,73,-15.6,-56.1,77.0,3.36
221,tuatapere,92,NZ,1537941585,100,-46.13,167.69,45.24,17.92
222,ambilobe,0,MG,1537941586,42,-13.19,49.05,83.67,15.79
223,veraval,0,FR,1537939800,86,49.65,0.71,41.59,6.93
224,cuamba,0,MZ,1537941586,49,-14.8,36.54,77.64,6.96
225,gravdal,75,NO,1537939200,93,59.79,5.78,54.46,34.45
226,gat,36,SN,1537941587,96,14.69,-16.54,75.84,3.04
227,kahului,75,US,1537940280,94,20.89,-156.47,79.32,5.82
228,kushima,75,JP,1537938000,78,31.5,131.29,74.1,16.11
229,kavieng,0,PG,1537941588,96,-2.57,150.8,86.73,12.33
230,mount isa,32,AU,1537939800,15,-20.73,139.49,91.4,6.93
231,port lincoln,88,AU,1537941589,65,-34.72,135.86,67.92,14.79
232,san pedro,100,AR,1537941590,97,-33.68,-59.66,62.52,5.95
233,nizhnevartovsk,0,RU,1537938000,82,60.93,76.58,60.8,8.95
234,chuy,92,UY,1537941437,97,-33.69,-53.46,59.82,14.45
235,atbasar,0,KZ,1537941591,61,51.81,68.36,66.12,4.61
236,airai,76,TL,1537941422,39,-8.93,125.41,84.21,1.59
237,bethel,90,US,1537937580,86,60.79,-161.76,48.02,4.7
238,pilar,0,AR,1537938000,72,-34.46,-58.91,65.01,5.82
239,sitrah,0,BH,1537941600,30,26.15,50.62,93.88,10.29
240,sinnamary,8,GF,1537941469,100,5.38,-52.96,81.15,8.41
241,princeton,90,US,1537940100,87,41.37,-89.46,57.81,12.75
242,mokokchung,92,IN,1537941593,98,26.32,94.52,72.96,2.04
243,vanavara,92,RU,1537941593,91,60.35,102.28,47.67,3.38
244,norsup,90,VU,1537938000,94,-16.07,167.38,73.4,21.92
245,yerbogachen,80,RU,1537941594,76,61.28,108.01,51.18,4.16
246,gimli,0,CA,1537941594,100,50.63,-96.99,41.01,10.2
247,ponta do sol,8,BR,1537941594,49,-20.63,-46.0,69.09,6.73
248,manicore,44,BR,1537941595,85,-5.81,-61.3,77.64,2.15
249,college,75,US,1537939800,81,64.86,-147.8,47.8,3.36
250,bowmore,1,US,1537941360,97,34.94,-79.3,70.21,3.36
251,kaoma,0,ZM,1537941600,36,-14.8,24.8,73.77,12.66
252,kapuskasing,90,CA,1537938000,100,49.42,-82.43,41.0,10.29
253,maningrida,0,AU,1537941600,59,-12.05,134.23,84.84,17.13
254,armizonskoye,0,RU,1537941601,62,55.95,67.67,62.52,11.21
255,hualmay,80,PE,1537941736,94,-11.1,-77.61,55.95,3.49
256,vanderhoof,48,CA,1537941602,77,54.02,-124.02,47.85,4.38
257,ranong,40,TH,1537938000,74,9.96,98.62,87.8,8.05
258,codrington,76,AU,1537941604,89,-28.95,153.24,59.91,4.61
259,san andres,0,PH,1537941669,96,13.32,122.68,85.02,16.46
260,marsa matruh,40,EG,1537938000,69,31.35,27.25,77.0,9.17
261,anadyr,90,RU,1537938000,87,64.73,177.51,46.4,4.47
262,solnechnyy,0,RU,1537941609,43,50.72,136.64,61.35,3.6
263,nemuro,40,JP,1537938000,63,43.32,145.57,66.2,10.29
264,kangaatsiaq,92,GL,1537941738,100,68.31,-53.46,34.71,10.54
265,fort nelson,75,CA,1537938000,33,58.81,-122.69,59.0,8.05
266,oranjemund,0,ZA,1537941611,100,-28.55,16.43,54.87,7.29
267,launceston,12,AU,1537939800,50,-41.43,147.14,55.4,16.11
268,uberlandia,32,BR,1537941558,48,-18.92,-48.28,69.18,10.76
269,youkounkoun,80,GN,1537941613,96,12.53,-13.12,71.25,8.08
270,oktyabrskiy,0,RU,1537938000,80,55.61,37.97,38.28,11.18
271,otjimbingwe,0,NA,1537941676,79,-22.35,16.13,57.03,2.82
272,gediz,0,TR,1537937400,71,38.99,29.39,50.0,6.93
273,orlovskiy,76,RU,1537941678,92,46.87,42.05,53.07,4.5
274,klaksvik,76,FO,1537939200,76,62.23,-6.59,48.2,19.46
275,sayanogorsk,92,RU,1537941618,97,53.09,91.41,46.77,4.94
276,hohhot,40,CN,1537938000,72,40.81,111.65,59.0,6.71
277,mehamn,0,NO,1537937400,74,71.03,27.85,38.12,16.11
278,lata,0,IN,1537941619,86,30.78,78.62,65.85,1.59
279,chudey,0,UA,1537939800,80,48.05,25.62,41.94,14.99
280,sitka,12,US,1537941424,56,37.17,-99.65,56.58,10.65
281,pimentel,48,BR,1537941621,79,-3.7,-45.5,78.09,4.83
282,pacific grove,90,US,1537940400,96,36.62,-121.92,54.66,2.15
283,wufeng,75,TW,1537938000,83,24.63,121.12,80.64,18.34
284,upernavik,80,GL,1537941447,100,72.79,-56.15,31.74,19.15
285,carbonia,0,IT,1537939200,68,39.17,8.53,64.4,9.17
286,tucumcari,90,US,1537941180,68,35.17,-103.73,57.02,9.17
287,saint george,75,GR,1537939200,59,39.45,22.34,62.6,17.22
288,clyde river,90,CA,1537938300,100,70.47,-68.59,28.4,35.57
289,reconquista,92,AR,1537941687,97,-29.14,-59.64,68.01,5.84
290,porto novo,40,BR,1537938000,93,-23.68,-45.44,62.6,3.36
291,fasa,0,IR,1537938000,23,28.94,53.65,77.0,2.93
292,tilichiki,92,RU,1537941627,99,60.47,166.1,43.89,7.52
293,vardo,90,US,1537939860,100,39.62,-77.74,67.32,6.93
294,morro bay,1,US,1537937760,86,35.37,-120.85,59.97,6.93
295,kutahya,40,TR,1537937400,62,39.42,29.98,51.8,12.75
296,banda aceh,24,ID,1537941629,92,5.56,95.32,83.49,2.15
297,salalah,75,OM,1537937400,74,17.01,54.1,78.8,3.36
298,constitucion,64,MX,1537941630,95,23.99,-104.67,56.67,2.71
299,saldanha,0,PT,1537941631,82,41.42,-6.55,45.87,3.6
300,tomatlan,8,MX,1537941631,90,19.93,-105.25,74.94,1.81
301,karratha,0,AU,1537941693,10,-20.74,116.85,102.39,4.61
302,tocopilla,44,CL,1537941693,100,-22.09,-70.2,54.69,0.81
303,waddan,8,LY,1537941633,93,29.16,16.14,68.01,4.38
304,norman wells,90,CA,1537938000,85,65.28,-126.83,32.0,13.87
305,aksha,20,RU,1537941634,43,50.28,113.29,64.41,13.0
306,tiksi,88,RU,1537941635,96,71.64,128.87,33.09,13.22
307,cabedelo,20,BR,1537941534,95,-6.97,-34.84,76.92,14.0
308,linqing,24,CN,1537941636,65,36.85,115.71,73.41,4.16
309,camacha,40,PT,1537939800,64,33.08,-16.33,71.6,5.82
310,lasa,20,CY,1537939800,57,34.92,32.53,74.05,8.05
311,half moon bay,90,US,1537940400,93,37.46,-122.43,60.51,3.36
312,iqaluit,20,CA,1537938000,100,63.75,-68.52,32.0,4.7
313,beringovskiy,44,RU,1537941639,94,63.05,179.32,46.41,13.78
314,dunedin,64,NZ,1537941460,72,-45.87,170.5,42.27,19.26
315,pekan,75,MY,1537938000,70,3.49,103.39,91.4,4.7
316,grindavik,75,IS,1537938000,80,63.84,-22.43,41.95,16.11
317,harda,0,IN,1537941640,73,22.34,77.09,88.44,5.39
318,skibbereen,75,IE,1537939800,93,51.55,-9.27,55.4,8.05
319,burnie,0,AU,1537941641,100,-41.05,145.91,52.17,9.08
320,hanko,92,FI,1537941703,100,59.83,22.95,52.17,30.22
321,riachao do jacuipe,80,BR,1537941642,92,-11.81,-39.39,69.45,4.72
322,zhigansk,92,RU,1537941435,96,66.77,123.37,43.44,4.61
323,dorado,40,PR,1537937760,87,18.46,-66.27,80.06,4.7
324,mount gambier,44,AU,1537941643,63,-37.83,140.78,59.64,4.27
325,hof,0,DE,1537939200,84,50.32,11.92,32.0,3.36
326,miri,0,NG,1537941645,87,10.31,9.75,68.37,2.82
327,mago,0,RU,1537941645,56,53.27,140.15,55.23,6.17
328,bambous virieux,20,MU,1537938000,57,-20.34,57.76,77.0,14.99
329,dingle,20,PH,1537941646,67,11.0,122.67,85.2,15.01
330,carnarvon,0,ZA,1537941433,69,-30.97,22.13,42.0,4.61
331,cayenne,75,GF,1537939800,100,4.94,-52.33,73.4,7.07
332,alyangula,36,AU,1537941648,81,-13.85,136.42,83.31,15.68
333,beloha,0,MG,1537941649,43,-25.17,45.06,80.52,4.94
334,aklavik,75,CA,1537938000,92,68.22,-135.01,24.8,5.82
335,srednekolymsk,0,RU,1537941711,67,67.46,153.71,39.57,3.6
336,valentin gomez farias,64,MX,1537941711,95,24.05,-104.7,56.67,2.71
337,eckernforde,75,DE,1537939200,76,54.47,9.83,51.12,18.34
338,spencer,1,US,1537940100,100,43.14,-95.14,46.06,5.82
339,mangan,88,IN,1537941651,69,27.5,88.54,51.72,1.59
340,sibiti,80,CG,1537941651,99,-3.69,13.35,70.89,3.71
341,margate,20,AU,1537939800,50,-43.03,147.26,57.2,11.41
342,holoby,0,UA,1537941653,84,51.09,25.02,40.11,9.75
343,yenangyaung,0,MM,1537941715,66,20.46,94.87,91.23,7.18
344,naples,1,US,1537937580,87,26.14,-81.79,77.97,6.93
345,adrar,0,DZ,1537938000,56,27.87,-0.29,73.4,13.87
346,imeni poliny osipenko,0,RU,1537941655,45,52.42,136.49,60.54,5.73
347,tautira,20,PF,1537939800,60,-17.73,-149.15,75.2,4.7
348,vilyuysk,64,RU,1537941760,54,63.75,121.63,54.51,3.6
349,gorontalo,0,ID,1537941659,47,0.54,123.06,87.72,5.95
350,shimoda,75,JP,1537938000,88,34.7,138.93,66.2,21.92
351,ponta delgada,40,PT,1537939800,78,37.73,-25.67,71.6,14.99
352,wellington,20,NZ,1537939800,71,-41.29,174.78,50.0,14.99
353,bloomington,90,US,1537940100,87,40.47,-88.99,60.57,16.11
354,orlik,20,RU,1537941762,56,52.51,99.83,36.87,4.61
355,mahibadhoo,92,MV,1537941762,99,3.78,72.97,83.94,12.33
356,limon,1,US,1537937700,14,39.26,-103.69,37.94,4.7
357,hambantota,32,LK,1537941763,92,6.12,81.12,83.67,13.22
358,manaus,75,BR,1537938000,83,-3.13,-59.98,79.66,5.82
359,bhatkal,36,IN,1537941764,98,13.97,74.57,82.59,8.63
360,doka,0,SD,1537941764,66,13.52,35.76,82.41,4.38
361,bilma,0,NE,1537941764,26,18.69,12.92,71.07,5.61
362,tarpon springs,1,US,1537940100,94,28.15,-82.76,80.02,9.64
363,vila franca do campo,40,PT,1537939800,78,37.72,-25.43,71.6,14.99
364,coquimbo,0,CL,1537938000,93,-29.95,-71.34,51.8,8.05
365,awbari,64,LY,1537941766,45,26.59,12.77,71.34,5.61
366,grand-santi,48,GF,1537941766,97,4.27,-54.38,74.58,1.7
367,grand gaube,20,MU,1537938000,57,-20.01,57.66,77.0,14.99
368,kudahuvadhoo,64,MV,1537941767,100,2.67,72.89,80.61,12.1
369,jhudo,0,PK,1537941767,70,24.96,69.3,86.28,11.54
370,paamiut,8,GL,1537941514,100,61.99,-49.67,37.86,15.68
371,linkuva,0,LT,1537939200,93,56.09,23.97,41.0,12.75
372,vila velha,40,BR,1537938000,78,-3.71,-38.6,78.8,16.11
373,thessalon,90,CA,1537940100,98,46.26,-83.55,51.51,13.44
374,vestmannaeyjar,92,IS,1537941769,100,63.44,-20.27,44.16,8.97
375,mountain home,1,US,1537937580,8,43.13,-115.69,53.06,2.71
376,tobolsk,0,RU,1537941770,58,58.2,68.25,63.42,10.2
377,devils lake,1,US,1537941360,82,48.11,-98.87,40.91,12.75
378,dhidhdhoo,68,MV,1537941771,100,6.88,73.1,82.32,10.98
379,bandarbeyla,80,SO,1537941771,95,9.49,50.81,77.82,18.03
380,evensk,0,RU,1537941535,100,61.92,159.24,44.52,12.44
381,samarinda,12,ID,1537941772,59,-0.5,117.14,90.78,3.83
382,swan hill,24,AU,1537941772,50,-35.34,143.56,66.57,4.5
383,kavadarci,0,MK,1537938000,52,41.43,22.01,39.2,2.24
384,tabou,88,CI,1537941773,100,4.42,-7.36,77.28,9.98
385,inuvik,75,CA,1537938000,92,68.36,-133.71,24.8,5.82
386,okhotsk,44,RU,1537941774,80,59.36,143.24,50.46,4.16
387,dunmore town,0,BS,1537941774,97,25.5,-76.65,85.11,15.9
388,skjervoy,75,NO,1537939200,93,70.03,20.97,42.8,11.41
389,alofi,88,NU,1537938000,83,-19.06,-169.92,77.0,8.05
390,kaeo,56,NZ,1537941775,65,-35.1,173.78,55.68,14.0
391,belyy yar,40,RU,1537938000,67,53.6,91.39,57.2,15.66
392,haimen,36,CN,1537941776,75,31.87,121.18,76.38,15.23
393,ginir,0,ET,1537941776,68,7.14,40.71,70.17,4.61
394,chabahar,8,IR,1537941777,94,25.29,60.65,83.31,5.73
395,casablanca,40,MA,1537939920,100,33.6,-7.62,71.6,5.82
396,egvekinot,80,RU,1537941777,98,66.32,-179.17,38.13,2.71
397,altay,0,CN,1537941778,66,47.83,88.13,46.68,0.36
398,pasni,20,PK,1537941778,92,25.26,63.48,82.32,4.94
399,kodinsk,92,RU,1537941778,93,58.6,99.18,45.33,6.96
400,russell,0,AR,1537938000,42,-33.01,-68.8,66.2,11.41
401,gerash,0,IR,1537938000,26,27.67,54.14,82.4,3.15
402,saint anthony,1,US,1537937760,14,43.97,-111.68,36.9,4.7
403,sterling,75,US,1537941060,94,39.0,-77.4,69.33,4.7
404,mattru,80,SL,1537941780,98,7.62,-11.83,74.49,2.59
405,fosforitnyy,0,RU,1537938000,80,55.33,38.9,39.2,11.18
406,lieksa,88,FI,1537941781,94,63.32,30.02,44.34,9.19
407,istok,24,PL,1537938000,67,52.66,23.48,35.6,4.47
408,niles,90,US,1537940160,87,41.83,-86.25,65.23,17.22
409,lazaro cardenas,36,MX,1537941511,39,28.39,-105.62,74.13,6.62
410,jimo,40,CN,1537938000,46,36.39,120.46,73.4,6.71
411,la palma,20,CO,1537941784,93,5.36,-74.39,64.41,0.13
412,emba,20,CY,1537939800,57,34.81,32.42,74.01,8.05
413,mayahi,0,NE,1537941784,76,13.95,7.67,73.5,5.5
414,sar-e pul,0,AF,1537941785,31,36.22,65.93,69.36,3.49
415,san juan,40,PR,1537937760,87,18.47,-66.12,81.21,4.7
416,clinton,1,US,1537941180,90,30.87,-91.02,76.68,3.36
417,kristiansund,75,NO,1537939200,87,63.12,7.73,48.4,38.03
418,kitimat,90,CA,1537938000,71,54.02,-128.69,57.2,6.93
419,fallon,1,US,1537937760,82,46.84,-105.12,39.92,8.05
420,nador,75,MA,1537939800,73,35.17,-2.93,74.93,13.87
421,nanortalik,0,GL,1537941789,97,60.14,-45.24,36.51,19.6
422,hudson bay,24,CA,1537941789,89,52.86,-102.4,30.75,3.94
423,grindu,0,RO,1537939800,93,44.77,26.91,42.8,4.7
424,caravelas,92,BR,1537941791,100,-17.73,-39.27,75.84,14.34
425,geraldton,90,CA,1537939440,100,49.72,-86.95,41.0,2.24
426,pionerskiy,92,RU,1537941792,67,61.2,62.86,61.26,10.76
427,vaitape,68,PF,1537941792,100,-16.52,-151.75,77.82,13.0
428,kieta,48,PG,1537941548,94,-6.22,155.63,80.61,14.45
429,yoichi,75,JP,1537937280,67,43.19,140.77,62.6,11.41
430,sayyan,0,YE,1537941793,23,15.17,44.32,71.07,3.6
431,eyl,0,SO,1537941794,76,7.98,49.82,80.7,17.69
432,wuchi,0,NG,1537941795,92,13.33,5.43,72.24,6.96
433,simao,44,CN,1537941795,58,22.76,100.79,82.59,2.93
434,balanacan,12,PH,1537941795,95,13.53,121.87,84.66,20.27
435,port-gentil,68,GA,1537941796,100,-0.72,8.78,76.47,7.4
436,wainwright,76,CA,1537941858,67,52.84,-110.86,46.5,8.86
437,yumen,92,CN,1537941858,39,40.29,97.04,58.92,14.23
438,bucerias,75,MX,1537937160,100,20.76,-105.33,82.4,2.24
439,francisco sa,0,BR,1537941798,65,-16.48,-43.49,66.39,11.21
440,upington,0,ZA,1537940220,62,-28.46,21.24,51.8,6.93
441,muisne,48,EC,1537941799,93,0.61,-80.02,72.15,3.94
442,pangnirtung,80,CA,1537941866,88,66.15,-65.72,31.47,5.17
443,macia,0,MZ,1537941805,61,-25.03,33.09,75.39,11.43
444,nago,75,IT,1537939200,50,45.88,10.89,53.6,6.93
445,lengshuitan,80,CN,1537941806,89,26.41,111.6,69.45,9.98
446,laguna,0,MX,1537941807,72,27.52,-110.01,76.47,2.15
447,fortuna,20,ES,1537939800,78,38.18,-1.13,72.5,5.82
448,kassala,0,SD,1537941807,47,15.45,36.38,85.74,4.27
449,bahia blanca,12,AR,1537942229,93,-38.72,-62.27,50.1,3.6
450,waitati,64,NZ,1537941808,72,-45.75,170.57,42.27,19.26
451,west plains,20,US,1537941180,87,36.73,-91.85,69.98,4.7
452,strezhevoy,0,RU,1537939800,77,60.73,77.6,62.6,11.18
453,puerto madero,75,AR,1537938000,77,-34.61,-58.36,64.98,6.93
454,teguldet,12,RU,1537941810,73,57.31,88.17,54.69,4.38
455,torbay,5,CA,1537938000,80,47.66,-52.73,35.6,8.05
456,hit,0,IQ,1537941810,16,33.64,42.83,90.6,4.61
457,volgodonsk,24,RU,1537941811,85,47.51,42.17,54.87,4.72
458,manati,0,AL,1537939200,26,41.76,19.67,59.0,9.17
459,ghanzi,68,BW,1537941812,23,-21.7,21.65,72.24,6.73
460,floro,75,NO,1537939200,87,61.6,5.03,51.13,26.4
461,lotofaga,40,WS,1537938000,74,-13.98,-171.86,82.4,10.29
462,wajima,75,JP,1537938000,72,37.4,136.9,66.2,11.41
463,tromso,40,NO,1537939200,93,69.65,18.96,37.4,13.87
464,la ronge,75,CA,1537938000,91,55.1,-105.3,39.2,8.05
465,sulangan,12,PH,1537941814,95,11.14,123.72,85.83,20.83
466,teluknaga,20,ID,1537939800,55,-6.1,106.64,91.74,10.29
467,cajola,44,GT,1537941814,80,14.93,-91.62,55.32,1.92
468,pochutla,44,MX,1537941815,100,15.74,-96.47,81.42,5.28
469,byron bay,75,AU,1537939800,64,-28.65,153.62,68.0,12.75
470,ontario,1,US,1537939200,64,34.07,-117.65,65.93,4.7
471,barguzin,92,RU,1537941816,43,53.62,109.63,58.02,2.93
472,ust-kulom,68,RU,1537941816,84,61.69,53.69,50.64,10.31
473,amethi,75,IN,1537938000,66,26.76,81.16,84.2,5.82
474,erzin,20,TR,1537939200,78,36.95,36.2,73.83,3.36
475,talnakh,80,RU,1537941822,100,69.49,88.39,37.14,7.07
476,labuhan,24,ID,1537941823,97,-2.54,115.51,79.44,2.59
477,masvingo,0,ZW,1537941823,34,-20.08,30.83,73.59,6.96
478,pitsunda,90,GE,1537939800,77,43.16,40.34,62.6,13.42
479,buritis,0,BR,1537941824,55,-15.62,-46.42,67.11,6.62
480,ostrovnoy,12,RU,1537941824,93,68.05,39.51,30.48,13.22
481,bosaso,0,SO,1537938000,70,11.28,49.18,84.2,16.11
482,prince george,75,CA,1537938000,75,53.92,-122.75,46.4,8.05
483,zhezkazgan,0,KZ,1537939800,32,47.8,67.71,66.2,13.42
484,beira,0,ES,1537939800,87,43.2,-8.36,57.42,2.71
485,sibolga,80,ID,1537941673,89,1.74,98.78,77.01,1.92
486,roald,75,NO,1537939200,93,62.58,6.12,49.46,20.8
487,tornio,90,FI,1537941000,87,61.12,27.27,45.16,13.87
488,tura,48,IN,1537941827,88,25.52,90.21,82.05,3.71
489,sabha,8,LY,1537941827,46,27.03,14.43,74.94,11.77
490,mecca,0,SA,1537941621,24,21.43,39.83,91.41,4.16
491,west bay,20,GB,1537941000,100,50.71,-2.76,35.51,2.24
492,fort portal,0,UG,1537941829,87,0.66,30.28,67.02,2.59
493,morgan city,1,US,1537940100,95,29.7,-91.21,76.48,3.36
494,debno,56,PL,1537941830,73,52.74,14.7,44.7,12.44
495,katsuura,75,JP,1537938000,94,33.93,134.5,70.68,5.82
496,santiago,90,CL,1537941600,66,-33.44,-70.65,51.8,2.24
497,sinjar,12,SY,1537941537,87,35.59,37.0,68.37,6.96
498,pavlikeni,0,BG,1537939800,93,43.24,25.31,42.8,4.16
499,corrales,20,CO,1537941831,87,5.83,-72.84,42.27,0.25
500,miandrivazo,0,MG,1537941832,41,-19.53,45.46,82.32,4.05
501,mitsamiouli,40,KM,1537938000,74,-11.38,43.28,78.8,6.93
502,borinskoye,80,RU,1537941832,83,52.46,39.37,45.87,8.41
503,ningyang,56,CN,1537941832,63,35.76,116.79,73.32,3.27
504,broome,0,GB,1537939200,76,52.47,1.45,47.59,12.75
505,daru,92,SL,1537941833,100,7.99,-10.85,70.8,3.15
506,kargopol,0,RU,1537941834,79,61.51,38.95,38.67,8.63
507,bukavu,12,CD,1537941834,76,-2.51,28.86,72.06,6.4
508,bam,0,IR,1537941835,17,29.11,58.36,82.95,6.62
509,proletariy,0,RU,1537941835,84,58.43,31.7,46.95,11.32
510,mendi,0,ET,1537941835,68,9.8,35.1,72.51,3.6
511,chirongui,75,YT,1537939800,69,-12.93,45.15,82.4,5.82
512,skelleftea,40,SE,1537939200,87,64.75,20.95,44.6,9.17
513,auki,0,NG,1537941836,94,12.18,6.51,69.9,5.84
514,nishihara,75,JP,1537938000,82,35.74,139.53,66.43,5.82
515,las cruces,0,CL,1537938000,87,-33.5,-71.62,55.96,3.36
516,svetlogorsk,40,RU,1537939800,44,53.14,59.15,60.8,13.42
517,zeya,0,RU,1537941838,42,53.74,127.27,60.54,4.94
518,lufkin,1,US,1537938900,96,31.34,-94.73,75.07,3.36
519,homer,1,US,1537937580,85,59.64,-151.54,43.9,7.74
520,sechura,8,PE,1537941839,88,-5.56,-80.82,66.48,8.3
521,tarakan,36,ID,1537941839,82,3.3,117.63,87.0,3.94
522,sorland,75,NO,1537939200,76,67.67,12.69,47.21,29.97
523,ariquemes,36,BR,1537941840,95,-9.91,-63.03,74.13,2.04
524,muros,0,ES,1537939800,63,42.77,-9.06,60.8,8.05
525,nara,75,JP,1537939380,82,34.68,135.8,69.42,5.82
526,borovoy,88,RU,1537941841,99,63.23,52.89,50.28,12.77
527,taganak,75,PH,1537938000,70,6.08,118.3,89.6,9.17
528,loandjili,56,CG,1537941842,95,-4.77,11.87,74.85,5.84
529,fowa,68,NG,1537941842,97,8.92,6.4,71.97,4.38
530,ambovombe,0,MG,1537941843,57,-25.18,46.09,80.52,6.73
531,panguipulli,80,CL,1537938000,100,-39.64,-72.33,35.6,2.24
532,padang,36,ID,1537941844,100,-0.92,100.36,79.8,4.38
533,soverato,0,IT,1537937400,36,38.69,16.55,62.6,20.8
534,talcahuano,0,CL,1537938000,87,-36.72,-73.12,50.0,8.05
535,northam,0,GB,1537941000,100,51.04,-4.21,43.93,2.24
536,gandajika,0,CD,1537941845,90,-6.75,23.95,74.85,4.61
537,bibiani,92,GH,1537941845,100,6.45,-2.31,69.81,3.6
538,alice springs,0,AU,1537939800,9,-23.7,133.88,84.2,6.93
539,muhos,92,FI,1537941000,93,64.81,26.0,46.4,12.75
540,tecoanapa,90,MX,1537937340,88,16.99,-99.26,77.0,8.05
541,nacala,92,MZ,1537941847,93,-14.56,40.69,79.17,4.38
542,haines junction,0,CA,1537941848,90,60.75,-137.51,28.59,3.38
543,khangarh,0,PK,1537941600,49,29.91,71.16,91.4,4.7
544,bom jesus,8,BR,1537941849,41,-9.08,-44.36,80.07,11.43
545,belo oriente,0,BR,1537941849,78,-19.22,-42.48,64.59,6.62
546,turbat,0,PK,1537941850,49,26.0,63.05,89.97,2.71
547,sasykoli,92,RU,1537941850,100,47.55,47.0,56.31,13.44
548,labuan,75,BN,1537939800,70,5.28,115.24,89.62,5.82
549,kysyl-syr,80,RU,1537941851,61,63.9,122.77,49.65,3.49
550,morondava,0,MG,1537941851,77,-20.3,44.28,81.69,5.28
551,casas grandes,0,MX,1537941852,65,30.15,-110.24,66.39,1.92
552,husavik,0,CA,1537941914,100,50.56,-96.99,41.01,10.2
553,tabatinga,88,BR,1537941853,72,-21.74,-48.69,71.7,8.19
554,cape coast,92,GH,1537941853,97,5.11,-1.24,73.95,3.27
555,kharp,92,RU,1537941853,97,66.82,65.8,52.62,19.26
556,huanren,0,CN,1537941854,61,41.26,125.37,62.61,1.92
557,warri,88,NG,1537941854,99,5.52,5.75,73.77,3.71
558,springdale,75,US,1537940100,90,36.19,-94.13,68.2,10.29
559,luderitz,0,NA,1537941855,92,-26.65,15.16,51.54,9.53
560,dicabisagan,56,PH,1537941855,85,17.08,122.42,86.28,5.73
561,teeli,68,RU,1537941856,66,51.01,90.2,42.54,3.15
562,colquiri,44,BO,1537941856,82,-17.42,-67.13,29.22,2.15
563,carlagan,8,PH,1537941856,87,14.97,122.05,86.73,14.9
564,martinopolis,92,BR,1537941857,80,-22.15,-51.17,69.99,8.3
